{"cameraMode":{"drawMode":0,"name":"Shaded","section":"Shading Mode"},"sceneLighting":false,"audioPlay":false,"sceneViewState":{"m_AlwaysRefresh":false,"showFog":false,"showSkybox":false,"showFlares":false,"showImageEffects":false,"showParticleSystems":false,"showVisualEffectGraphs":true,"m_FxEnabled":true},"in2DMode":false,"pivot":{"x":12.054832458496094,"y":0.6490567922592163,"z":1.0121192932128907},"rotation":{"x":-0.04228109493851662,"y":-0.02787296287715435,"z":0.0011824175016954542,"w":-0.9987276196479797},"size":0.9201650023460388,"orthographic":false}